{"loss_generator": [0.7125017642974854, 10.037088394165039, 2.346071481704712, 2.1180684566497803, 2.132275104522705, 2.9251160621643066, 2.792480230331421, 2.019707441329956, 2.742323160171509, 1.9794321060180664, 1.4974360466003418, 1.4360886812210083, 1.3469421863555908, 1.4768120050430298, 1.414585828781128, 1.2564888000488281, 1.2256803512573242, 1.3458936214447021, 1.0947140455245972, 1.1396371126174927, 1.097582459449768, 1.1170967817306519, 1.1573240756988525, 1.0413142442703247, 1.1483802795410156, 1.2116824388504028, 1.1615922451019287, 0.9283828139305115, 1.0115314722061157, 1.1594820022583008, 0.8739156723022461, 1.095873475074768, 1.023417353630066, 1.0157281160354614, 0.9490106701850891, 1.1258108615875244, 0.9483717679977417, 1.110817313194275, 1.0433154106140137, 1.0439534187316895, 0.9284801483154297, 1.1272132396697998, 0.798709511756897, 0.9406348466873169, 0.8367668986320496, 1.1130667924880981, 1.112126111984253, 1.0561575889587402, 1.033524513244629, 0.9031178951263428], "loss_discriminator": [0.5116663575172424, 0.00374143710359931, 0.3734755218029022, 0.30861085653305054, 0.12945671379566193, 0.18042126297950745, 0.20892566442489624, 0.18615560233592987, 0.2294820100069046, 0.32379400730133057, 0.35996949672698975, 0.5182405710220337, 0.47549697756767273, 0.5237094163894653, 0.49961188435554504, 0.4358651340007782, 0.5220334529876709, 0.5465918779373169, 0.5384164452552795, 0.6261568665504456, 0.6119757294654846, 0.5121427178382874, 0.6436249017715454, 0.599617063999176, 0.5705242156982422, 0.5251529812812805, 0.5504576563835144, 0.6273485422134399, 0.5555216073989868, 0.47854942083358765, 0.6113844513893127, 0.6078950762748718, 0.6002238988876343, 0.6586973071098328, 0.5947416424751282, 0.6140520572662354, 0.7052506804466248, 0.566432774066925, 0.5954405665397644, 0.6081107258796692, 0.5871332883834839, 0.5293301939964294, 0.6621069312095642, 0.6568617224693298, 0.5557525157928467, 0.5444505214691162, 0.4793725907802582, 0.5672492980957031, 0.5111387968063354, 0.583197295665741], "training_time": 6116.828611135483}